{"cameraMode":{"drawMode":0,"name":"Shaded","section":"Shading Mode"},"sceneLighting":true,"audioPlay":false,"sceneViewState":{"showFog":false,"showMaterialUpdate":false,"showSkybox":false,"showFlares":false,"showImageEffects":false,"showParticleSystems":false,"showVisualEffectGraphs":true,"m_FxEnabled":true},"in2DMode":false,"pivot":{"x":0.444123774766922,"y":2.9624862670898439,"z":-5.075402736663818},"rotation":{"x":0.16424940526485444,"y":0.005918476730585098,"z":-0.0009855086682364345,"w":0.9864006638526917},"size":2.9320507049560549,"orthographic":false}